{"vertices": [[-0.353553, -0.5, -0.353553], [0.353553, 0.5, 0.353553], [0.353553, -0.5, 0.353553], [-0.353553, -0.5, 0.353553], [0.353553, 0.5, -0.353553], [-0.353553, 0.5, 0.353553], [-0.353553, -0.5, -0.353553], [-0.353553, 0.5, -0.353553], [0.353553, 0.5, 0.353553], [-0.353553, -0.5, 0.353553], [0.353553, -0.5, -0.353553], [0.353553, 0.5, -0.353553], [-0.353553, 0.5, -0.353553], [0.353553, -0.5, 0.353553], [0.353553, 0.5, 0.353553], [-0.353553, 0.5, 0.353553], [0.353553, -0.5, -0.353553], [-0.353553, -0.5, 0.353553], [-0.353553, 0.5, -0.353553], [-0.353553, -0.5, -0.353553], [0.353553, -0.5, 0.353553], [-0.353553, 0.5, 0.353553], [0.353553, 0.5, -0.353553], [0.353553, -0.5, -0.353553]], "uvs": [[1.0, 0.0, 0.0], [0.0, 1.0, 0.0], [0.0, 0.0, 0.0], [1.0, 0.0, 0.0], [0.0, 1.0, 0.0], [0.0, 0.0, 0.0], [1.0, 0.0, 0.0], [1.0, 1.0, 0.0], [0.0, 1.0, 0.0], [1.0, 0.0, 0.0], [1.0, 1.0, 0.0], [0.0, 1.0, 0.0], [1.0, 0.0, 0.0], [0.0, 1.0, 0.0], [0.0, 0.0, 0.0], [1.0, 0.0, 0.0], [0.0, 1.0, 0.0], [0.0, 0.0, 0.0], [1.0, 0.0, 0.0], [1.0, 1.0, 0.0], [0.0, 1.0, 0.0], [1.0, 0.0, 0.0], [1.0, 1.0, 0.0], [0.0, 1.0, 0.0]]}